"company","title","url"
"notion","Product Manager, Workspaces",""
"notion","Product Manager, AI Governance and Admin Experience",""
"harvey","Innovation Product Manager",""
"betterment","Product Manager, User Trust",""
"robinhood","Product Manager",""
"justworks","Product Manager, Core Services",""
"mongodb","Product Manager, Developer Experience",""
"cloudflare","Product Manager, FinTech",""
"glean","Forward Deployed Product Manager",""
"anthropic","Product Manager, Consumer",""
"scale","Product Manager",""
"arc","Product Manager",""
"ramp","Product Manager | Generalist (All Levels)",""
"lyft","Product Manager, Driver Experience",""
"peloton","Product Manager, Workout Experience",""
"doordash","Product Manager",""
"doordash","Product Manager (Multiple Levels)",""
"zip","Product Manager, Intake and Collaboration",""
"oscar","Product Manager, Network",""
"oscar","Product Manager, Authorization Services",""
"workos","Product Manager",""
"rho","Product Manager",""
"jerry","Associate Product Manager, Growth",""
